Time;	Terminal_IsWork;	Terminal_PowerConsumption;	Terminal_Coordinate;	
0;1.000000;98.487757;10.000000_10.000000;
1;1.000000;97.676330;10.000000_10.000000;
2;1.000000;98.986314;10.000000_10.000000;
3;1.000000;97.886451;10.000000_10.000000;
4;1.000000;98.150597;10.000000_10.000000;
5;1.000000;98.039673;10.000000_10.000000;
6;1.000000;98.671396;10.000000_10.000000;
7;1.000000;98.004300;10.000000_10.000000;
8;1.000000;98.069968;10.000000_10.000000;
9;1.000000;100.287476;10.000000_10.000000;
10;1.000000;102.374433;10.000000_10.000000;
11;1.000000;103.069104;10.000000_10.000000;
12;1.000000;104.188934;10.000000_10.000000;
13;1.000000;102.321881;10.000000_10.000000;
14;1.000000;102.869144;10.000000_10.000000;
15;1.000000;100.381257;10.000000_10.000000;
16;1.000000;99.090789;10.000000_10.000000;
17;1.000000;97.293439;10.000000_10.000000;
18;1.000000;98.773159;10.000000_10.000000;
19;1.000000;97.077614;10.000000_10.000000;
20;1.000000;96.596810;10.000000_10.000000;
21;1.000000;94.808757;10.000000_10.000000;
22;1.000000;92.954340;10.000000_10.000000;
23;1.000000;95.273200;10.000000_10.000000;
24;1.000000;93.931071;10.000000_10.000000;
25;1.000000;93.991809;10.000000_10.000000;
26;1.000000;95.585498;10.000000_10.000000;
27;1.000000;96.123834;10.000000_10.000000;
28;1.000000;95.143523;10.000000_10.000000;
29;1.000000;95.797884;10.000000_10.000000;
30;1.000000;95.914217;10.000000_10.000000;
31;1.000000;95.883443;10.000000_10.000000;
32;1.000000;98.150007;10.000000_10.000000;
33;1.000000;97.131783;10.000000_10.000000;
34;1.000000;98.449656;10.000000_10.000000;
35;1.000000;98.581308;10.000000_10.000000;
36;1.000000;99.911731;10.000000_10.000000;
37;1.000000;99.413314;10.000000_10.000000;
38;1.000000;101.359476;10.000000_10.000000;
39;1.000000;100.261321;10.000000_10.000000;
40;1.000000;99.521685;10.000000_10.000000;
41;1.000000;101.052948;10.000000_10.000000;
42;1.000000;103.170141;10.000000_10.000000;
43;1.000000;100.950721;10.000000_10.000000;
44;1.000000;103.218716;10.000000_10.000000;
45;1.000000;103.352876;10.000000_10.000000;
46;1.000000;101.213760;10.000000_10.000000;
47;1.000000;99.656150;10.000000_10.000000;
48;1.000000;100.469479;10.000000_10.000000;
49;1.000000;102.429802;10.000000_10.000000;
50;1.000000;101.655909;10.000000_10.000000;
51;1.000000;99.440681;10.000000_10.000000;
52;1.000000;97.054219;10.000000_10.000000;
53;1.000000;96.848958;10.000000_10.000000;
54;1.000000;94.733272;10.000000_10.000000;
55;1.000000;93.493592;10.000000_10.000000;
56;1.000000;95.693656;10.000000_10.000000;
57;1.000000;97.618094;10.000000_10.000000;
58;1.000000;99.330900;10.000000_10.000000;
59;1.000000;98.172035;10.000000_10.000000;
60;1.000000;98.367203;10.000000_10.000000;
61;1.000000;97.753426;10.000000_10.000000;
62;1.000000;99.025436;10.000000_10.000000;
63;1.000000;99.087502;10.000000_10.000000;
64;1.000000;99.918468;10.000000_10.000000;
65;1.000000;100.076372;10.000000_10.000000;
66;1.000000;97.771014;10.000000_10.000000;
67;1.000000;97.466152;10.000000_10.000000;
68;1.000000;99.570617;10.000000_10.000000;
69;1.000000;101.715417;10.000000_10.000000;
70;1.000000;102.839130;10.000000_10.000000;
71;1.000000;101.729976;10.000000_10.000000;
72;1.000000;102.943281;10.000000_10.000000;
73;1.000000;103.663775;10.000000_10.000000;
74;1.000000;102.907281;10.000000_10.000000;
75;1.000000;103.873897;10.000000_10.000000;
76;1.000000;102.139068;10.000000_10.000000;
77;1.000000;101.833185;10.000000_10.000000;
78;1.000000;103.768399;10.000000_10.000000;
79;1.000000;105.476432;10.000000_10.000000;
80;1.000000;104.581660;10.000000_10.000000;
81;1.000000;103.164412;10.000000_10.000000;
82;1.000000;105.193514;10.000000_10.000000;
83;1.000000;104.406457;10.000000_10.000000;
84;1.000000;105.380934;10.000000_10.000000;
85;1.000000;107.786087;10.000000_10.000000;
86;1.000000;108.263796;10.000000_10.000000;
87;1.000000;109.115312;10.000000_10.000000;
88;1.000000;111.072166;10.000000_10.000000;
89;1.000000;110.736506;10.000000_10.000000;
90;1.000000;113.083952;10.000000_10.000000;
91;1.000000;112.509693;10.000000_10.000000;
92;1.000000;114.280410;10.000000_10.000000;
93;1.000000;115.333038;10.000000_10.000000;
94;1.000000;117.702971;10.000000_10.000000;
95;1.000000;117.599926;10.000000_10.000000;
96;1.000000;115.928977;10.000000_10.000000;
97;1.000000;118.538842;10.000000_10.000000;
98;1.000000;121.028918;10.000000_10.000000;
99;1.000000;118.896752;10.000000_10.000000;
100;1.000000;121.162104;10.000000_10.000000;
101;1.000000;122.016785;10.000000_10.000000;
102;1.000000;121.601644;10.000000_10.000000;
103;1.000000;122.328801;10.000000_10.000000;
104;1.000000;120.989664;10.000000_10.000000;
105;1.000000;122.719829;10.000000_10.000000;
106;1.000000;121.538392;10.000000_10.000000;
107;1.000000;121.216519;10.000000_10.000000;
108;1.000000;119.556499;10.000000_10.000000;
109;1.000000;117.688627;10.000000_10.000000;
110;1.000000;116.371895;10.000000_10.000000;
111;1.000000;116.700318;10.000000_10.000000;
112;1.000000;116.213102;10.000000_10.000000;
113;1.000000;114.293303;10.000000_10.000000;
114;1.000000;116.618051;10.000000_10.000000;
115;1.000000;114.304181;10.000000_10.000000;
116;1.000000;112.167123;10.000000_10.000000;
117;1.000000;112.141572;10.000000_10.000000;
118;1.000000;113.602077;10.000000_10.000000;
119;1.000000;116.355517;10.000000_10.000000;
120;1.000000;118.886272;10.000000_10.000000;
121;1.000000;119.982671;10.000000_10.000000;
122;1.000000;119.281903;10.000000_10.000000;
123;1.000000;120.771560;10.000000_10.000000;
124;1.000000;119.978474;10.000000_10.000000;
125;1.000000;118.743658;10.000000_10.000000;
126;1.000000;117.154046;10.000000_10.000000;
127;1.000000;117.648954;10.000000_10.000000;
128;1.000000;116.145476;10.000000_10.000000;
129;1.000000;114.126808;10.000000_10.000000;
130;1.000000;115.451527;10.000000_10.000000;
131;1.000000;113.289552;10.000000_10.000000;
132;1.000000;114.951908;10.000000_10.000000;
133;1.000000;113.021302;10.000000_10.000000;
134;1.000000;114.406216;10.000000_10.000000;
135;1.000000;111.972395;10.000000_10.000000;
136;1.000000;114.492356;10.000000_10.000000;
137;1.000000;111.930757;10.000000_10.000000;
138;1.000000;112.051437;10.000000_10.000000;
139;1.000000;110.237384;10.000000_10.000000;
140;1.000000;108.804642;10.000000_10.000000;
141;1.000000;110.424733;10.000000_10.000000;
142;1.000000;111.709273;10.000000_10.000000;
143;1.000000;112.583753;10.000000_10.000000;
144;1.000000;115.214864;10.000000_10.000000;
145;1.000000;116.018248;10.000000_10.000000;
146;1.000000;117.524947;10.000000_10.000000;
147;1.000000;115.136138;10.000000_10.000000;
148;1.000000;113.034342;10.000000_10.000000;
149;1.000000;113.148563;10.000000_10.000000;
150;1.000000;110.762442;10.000000_10.000000;
151;1.000000;108.380531;10.000000_10.000000;
152;1.000000;106.780049;10.000000_10.000000;
153;1.000000;106.574073;10.000000_10.000000;
154;1.000000;108.277538;10.000000_10.000000;
155;1.000000;108.674476;10.000000_10.000000;
156;1.000000;110.063232;10.000000_10.000000;
157;1.000000;107.597479;10.000000_10.000000;
158;1.000000;105.756524;10.000000_10.000000;
159;1.000000;108.400404;10.000000_10.000000;
160;1.000000;106.797859;10.000000_10.000000;
161;1.000000;108.880180;10.000000_10.000000;
162;1.000000;106.841227;10.000000_10.000000;
163;1.000000;109.500500;10.000000_10.000000;
164;1.000000;107.058954;10.000000_10.000000;
165;1.000000;109.042435;10.000000_10.000000;
166;1.000000;106.710719;10.000000_10.000000;
167;1.000000;104.065156;10.000000_10.000000;
168;1.000000;106.266493;10.000000_10.000000;
169;1.000000;106.765373;10.000000_10.000000;
170;1.000000;105.059114;10.000000_10.000000;
171;1.000000;103.289559;10.000000_10.000000;
172;1.000000;102.730195;10.000000_10.000000;
173;1.000000;104.851711;10.000000_10.000000;
174;1.000000;106.527740;10.000000_10.000000;
175;1.000000;105.777228;10.000000_10.000000;
176;1.000000;106.054814;10.000000_10.000000;
177;1.000000;106.476010;10.000000_10.000000;
178;1.000000;106.223534;10.000000_10.000000;
179;1.000000;107.218781;10.000000_10.000000;
180;1.000000;105.072476;10.000000_10.000000;
181;1.000000;105.234330;10.000000_10.000000;
182;1.000000;106.588137;10.000000_10.000000;
183;1.000000;105.545146;10.000000_10.000000;
184;1.000000;108.142762;10.000000_10.000000;
185;1.000000;108.558956;10.000000_10.000000;
186;1.000000;110.608624;10.000000_10.000000;
187;1.000000;111.979116;10.000000_10.000000;
188;1.000000;112.700877;10.000000_10.000000;
189;1.000000;110.082953;10.000000_10.000000;
190;1.000000;111.446897;10.000000_10.000000;
191;1.000000;113.303817;10.000000_10.000000;
192;1.000000;115.713656;10.000000_10.000000;
193;1.000000;117.873286;10.000000_10.000000;
194;1.000000;119.824310;10.000000_10.000000;
195;1.000000;122.696703;10.000000_10.000000;
196;1.000000;124.192445;10.000000_10.000000;
197;1.000000;126.697197;10.000000_10.000000;
198;1.000000;129.760709;10.000000_10.000000;
199;1.000000;130.843434;10.000000_10.000000;
200;0.000000;0.000000;10.000000_10.000000;
201;0.000000;0.000000;10.000000_10.000000;
202;0.000000;0.000000;10.000000_10.000000;
203;0.000000;0.000000;10.000000_10.000000;
204;0.000000;0.000000;10.000000_10.000000;
205;0.000000;0.000000;10.000000_10.000000;
206;0.000000;0.000000;10.000000_10.000000;
207;0.000000;0.000000;10.000000_10.000000;
208;0.000000;0.000000;10.000000_10.000000;
209;0.000000;0.000000;10.000000_10.000000;
210;0.000000;0.000000;10.000000_10.000000;
211;0.000000;0.000000;10.000000_10.000000;
212;0.000000;0.000000;10.000000_10.000000;
213;0.000000;0.000000;10.000000_10.000000;
214;0.000000;0.000000;10.000000_10.000000;
215;0.000000;0.000000;10.000000_10.000000;
216;0.000000;0.000000;10.000000_10.000000;
217;0.000000;0.000000;10.000000_10.000000;
218;0.000000;0.000000;10.000000_10.000000;
219;0.000000;0.000000;10.000000_10.000000;
220;0.000000;0.000000;10.000000_10.000000;
221;0.000000;0.000000;10.000000_10.000000;
222;0.000000;0.000000;10.000000_10.000000;
223;0.000000;0.000000;10.000000_10.000000;
224;0.000000;0.000000;10.000000_10.000000;
225;0.000000;0.000000;10.000000_10.000000;
226;0.000000;0.000000;10.000000_10.000000;
227;0.000000;0.000000;10.000000_10.000000;
228;0.000000;0.000000;10.000000_10.000000;
229;0.000000;0.000000;10.000000_10.000000;
230;0.000000;0.000000;10.000000_10.000000;
231;0.000000;0.000000;10.000000_10.000000;
232;0.000000;0.000000;10.000000_10.000000;
233;0.000000;0.000000;10.000000_10.000000;
234;0.000000;0.000000;10.000000_10.000000;
235;0.000000;0.000000;10.000000_10.000000;
236;0.000000;0.000000;10.000000_10.000000;
237;0.000000;0.000000;10.000000_10.000000;
238;0.000000;0.000000;10.000000_10.000000;
239;0.000000;0.000000;10.000000_10.000000;
240;0.000000;0.000000;10.000000_10.000000;
241;0.000000;0.000000;10.000000_10.000000;
242;0.000000;0.000000;10.000000_10.000000;
243;0.000000;0.000000;10.000000_10.000000;
244;0.000000;0.000000;10.000000_10.000000;
245;0.000000;0.000000;10.000000_10.000000;
246;0.000000;0.000000;10.000000_10.000000;
247;0.000000;0.000000;10.000000_10.000000;
248;0.000000;0.000000;10.000000_10.000000;
249;0.000000;0.000000;10.000000_10.000000;
250;0.000000;0.000000;10.000000_10.000000;
251;0.000000;0.000000;10.000000_10.000000;
252;0.000000;0.000000;10.000000_10.000000;
253;0.000000;0.000000;10.000000_10.000000;
254;0.000000;0.000000;10.000000_10.000000;
255;0.000000;0.000000;10.000000_10.000000;
256;0.000000;0.000000;10.000000_10.000000;
257;0.000000;0.000000;10.000000_10.000000;
258;0.000000;0.000000;10.000000_10.000000;
259;0.000000;0.000000;10.000000_10.000000;
260;0.000000;0.000000;10.000000_10.000000;
261;0.000000;0.000000;10.000000_10.000000;
262;0.000000;0.000000;10.000000_10.000000;
263;0.000000;0.000000;10.000000_10.000000;
264;0.000000;0.000000;10.000000_10.000000;
265;0.000000;0.000000;10.000000_10.000000;
266;0.000000;0.000000;10.000000_10.000000;
267;0.000000;0.000000;10.000000_10.000000;
268;0.000000;0.000000;10.000000_10.000000;
269;0.000000;0.000000;10.000000_10.000000;
270;0.000000;0.000000;10.000000_10.000000;
271;0.000000;0.000000;10.000000_10.000000;
272;0.000000;0.000000;10.000000_10.000000;
273;0.000000;0.000000;10.000000_10.000000;
274;0.000000;0.000000;10.000000_10.000000;
275;0.000000;0.000000;10.000000_10.000000;
276;0.000000;0.000000;10.000000_10.000000;
277;0.000000;0.000000;10.000000_10.000000;
278;0.000000;0.000000;10.000000_10.000000;
279;0.000000;0.000000;10.000000_10.000000;
280;0.000000;0.000000;10.000000_10.000000;
281;0.000000;0.000000;10.000000_10.000000;
282;0.000000;0.000000;10.000000_10.000000;
283;0.000000;0.000000;10.000000_10.000000;
284;0.000000;0.000000;10.000000_10.000000;
285;0.000000;0.000000;10.000000_10.000000;
286;0.000000;0.000000;10.000000_10.000000;
287;0.000000;0.000000;10.000000_10.000000;
288;0.000000;0.000000;10.000000_10.000000;
289;0.000000;0.000000;10.000000_10.000000;
290;0.000000;0.000000;10.000000_10.000000;
291;0.000000;0.000000;10.000000_10.000000;
292;0.000000;0.000000;10.000000_10.000000;
293;0.000000;0.000000;10.000000_10.000000;
294;0.000000;0.000000;10.000000_10.000000;
295;0.000000;0.000000;10.000000_10.000000;
296;0.000000;0.000000;10.000000_10.000000;
297;0.000000;0.000000;10.000000_10.000000;
298;0.000000;0.000000;10.000000_10.000000;
299;0.000000;0.000000;10.000000_10.000000;
300;0.000000;0.000000;10.000000_10.000000;
301;0.000000;0.000000;10.000000_10.000000;
302;0.000000;0.000000;10.000000_10.000000;
303;0.000000;0.000000;10.000000_10.000000;
304;0.000000;0.000000;10.000000_10.000000;
305;0.000000;0.000000;10.000000_10.000000;
306;0.000000;0.000000;10.000000_10.000000;
307;0.000000;0.000000;10.000000_10.000000;
308;0.000000;0.000000;10.000000_10.000000;
309;0.000000;0.000000;10.000000_10.000000;
310;0.000000;0.000000;10.000000_10.000000;
311;0.000000;0.000000;10.000000_10.000000;
312;0.000000;0.000000;10.000000_10.000000;
313;0.000000;0.000000;10.000000_10.000000;
314;0.000000;0.000000;10.000000_10.000000;
315;0.000000;0.000000;10.000000_10.000000;
316;0.000000;0.000000;10.000000_10.000000;
317;0.000000;0.000000;10.000000_10.000000;
318;0.000000;0.000000;10.000000_10.000000;
319;0.000000;0.000000;10.000000_10.000000;
320;0.000000;0.000000;10.000000_10.000000;
321;0.000000;0.000000;10.000000_10.000000;
322;0.000000;0.000000;10.000000_10.000000;
323;0.000000;0.000000;10.000000_10.000000;
324;0.000000;0.000000;10.000000_10.000000;
325;0.000000;0.000000;10.000000_10.000000;
326;0.000000;0.000000;10.000000_10.000000;
327;0.000000;0.000000;10.000000_10.000000;
328;0.000000;0.000000;10.000000_10.000000;
329;0.000000;0.000000;10.000000_10.000000;
330;0.000000;0.000000;10.000000_10.000000;
331;0.000000;0.000000;10.000000_10.000000;
332;0.000000;0.000000;10.000000_10.000000;
333;0.000000;0.000000;10.000000_10.000000;
334;0.000000;0.000000;10.000000_10.000000;
335;0.000000;0.000000;10.000000_10.000000;
336;0.000000;0.000000;10.000000_10.000000;
337;0.000000;0.000000;10.000000_10.000000;
338;0.000000;0.000000;10.000000_10.000000;
339;0.000000;0.000000;10.000000_10.000000;
340;0.000000;0.000000;10.000000_10.000000;
341;0.000000;0.000000;10.000000_10.000000;
342;0.000000;0.000000;10.000000_10.000000;
343;0.000000;0.000000;10.000000_10.000000;
344;0.000000;0.000000;10.000000_10.000000;
345;0.000000;0.000000;10.000000_10.000000;
346;0.000000;0.000000;10.000000_10.000000;
347;0.000000;0.000000;10.000000_10.000000;
348;0.000000;0.000000;10.000000_10.000000;
349;0.000000;0.000000;10.000000_10.000000;
350;0.000000;0.000000;10.000000_10.000000;
351;0.000000;0.000000;10.000000_10.000000;
352;0.000000;0.000000;10.000000_10.000000;
353;0.000000;0.000000;10.000000_10.000000;
354;0.000000;0.000000;10.000000_10.000000;
355;0.000000;0.000000;10.000000_10.000000;
356;0.000000;0.000000;10.000000_10.000000;
357;0.000000;0.000000;10.000000_10.000000;
358;0.000000;0.000000;10.000000_10.000000;
359;0.000000;0.000000;10.000000_10.000000;
360;0.000000;0.000000;10.000000_10.000000;
361;0.000000;0.000000;10.000000_10.000000;
362;0.000000;0.000000;10.000000_10.000000;
363;0.000000;0.000000;10.000000_10.000000;
364;0.000000;0.000000;10.000000_10.000000;
365;0.000000;0.000000;10.000000_10.000000;
366;0.000000;0.000000;10.000000_10.000000;
367;0.000000;0.000000;10.000000_10.000000;
368;0.000000;0.000000;10.000000_10.000000;
369;0.000000;0.000000;10.000000_10.000000;
370;0.000000;0.000000;10.000000_10.000000;
371;0.000000;0.000000;10.000000_10.000000;
372;0.000000;0.000000;10.000000_10.000000;
373;0.000000;0.000000;10.000000_10.000000;
374;0.000000;0.000000;10.000000_10.000000;
375;0.000000;0.000000;10.000000_10.000000;
376;0.000000;0.000000;10.000000_10.000000;
377;0.000000;0.000000;10.000000_10.000000;
378;0.000000;0.000000;10.000000_10.000000;
379;0.000000;0.000000;10.000000_10.000000;
380;0.000000;0.000000;10.000000_10.000000;
381;0.000000;0.000000;10.000000_10.000000;
382;0.000000;0.000000;10.000000_10.000000;
383;0.000000;0.000000;10.000000_10.000000;
384;0.000000;0.000000;10.000000_10.000000;
385;0.000000;0.000000;10.000000_10.000000;
386;0.000000;0.000000;10.000000_10.000000;
387;0.000000;0.000000;10.000000_10.000000;
388;0.000000;0.000000;10.000000_10.000000;
389;0.000000;0.000000;10.000000_10.000000;
390;0.000000;0.000000;10.000000_10.000000;
391;0.000000;0.000000;10.000000_10.000000;
392;0.000000;0.000000;10.000000_10.000000;
393;0.000000;0.000000;10.000000_10.000000;
394;0.000000;0.000000;10.000000_10.000000;
395;0.000000;0.000000;10.000000_10.000000;
396;0.000000;0.000000;10.000000_10.000000;
397;0.000000;0.000000;10.000000_10.000000;
398;0.000000;0.000000;10.000000_10.000000;
399;0.000000;0.000000;10.000000_10.000000;
400;1.000000;99.986293;10.000000_10.000000;
401;1.000000;98.306363;10.000000_10.000000;
402;1.000000;99.928476;10.000000_10.000000;
403;1.000000;101.871829;10.000000_10.000000;
404;1.000000;99.717213;10.000000_10.000000;
405;1.000000;100.463631;10.000000_10.000000;
406;1.000000;99.198011;10.000000_10.000000;
407;1.000000;99.840217;10.000000_10.000000;
408;1.000000;98.488066;10.000000_10.000000;
409;1.000000;99.476000;10.000000_10.000000;
410;1.000000;98.565133;10.000000_10.000000;
411;1.000000;97.721303;10.000000_10.000000;
412;1.000000;96.409042;10.000000_10.000000;
413;1.000000;94.356305;10.000000_10.000000;
414;1.000000;94.984116;10.000000_10.000000;
415;1.000000;93.671703;10.000000_10.000000;
416;1.000000;94.379543;10.000000_10.000000;
417;1.000000;94.429970;10.000000_10.000000;
418;1.000000;96.655994;10.000000_10.000000;
419;1.000000;95.592982;10.000000_10.000000;
420;1.000000;95.813356;10.000000_10.000000;
421;1.000000;96.863799;10.000000_10.000000;
422;1.000000;94.990843;10.000000_10.000000;
423;1.000000;94.855403;10.000000_10.000000;
424;1.000000;95.294298;10.000000_10.000000;
425;1.000000;97.411347;10.000000_10.000000;
426;1.000000;97.172288;10.000000_10.000000;
427;1.000000;96.377181;10.000000_10.000000;
428;1.000000;98.052624;10.000000_10.000000;
429;1.000000;97.731566;10.000000_10.000000;
430;1.000000;95.304068;10.000000_10.000000;
431;1.000000;94.565190;10.000000_10.000000;
432;1.000000;95.030835;10.000000_10.000000;
433;1.000000;96.614254;10.000000_10.000000;
434;1.000000;95.328761;10.000000_10.000000;
435;1.000000;96.165157;10.000000_10.000000;
436;1.000000;96.083177;10.000000_10.000000;
437;1.000000;95.996394;10.000000_10.000000;
438;1.000000;95.060217;10.000000_10.000000;
439;1.000000;96.068270;10.000000_10.000000;
440;1.000000;94.543454;10.000000_10.000000;
441;1.000000;95.119331;10.000000_10.000000;
442;1.000000;92.935697;10.000000_10.000000;
443;1.000000;92.535998;10.000000_10.000000;
444;1.000000;93.442776;10.000000_10.000000;
445;1.000000;94.255432;10.000000_10.000000;
446;1.000000;94.904098;10.000000_10.000000;
447;1.000000;94.178632;10.000000_10.000000;
448;1.000000;92.693540;10.000000_10.000000;
449;1.000000;93.199211;10.000000_10.000000;
450;1.000000;93.791762;10.000000_10.000000;
451;1.000000;94.873787;10.000000_10.000000;
452;1.000000;94.059649;10.000000_10.000000;
453;1.000000;95.190427;10.000000_10.000000;
454;1.000000;93.773102;10.000000_10.000000;
455;1.000000;95.746624;10.000000_10.000000;
456;1.000000;96.631115;10.000000_10.000000;
457;1.000000;97.370973;10.000000_10.000000;
458;1.000000;96.189208;10.000000_10.000000;
459;1.000000;96.345231;10.000000_10.000000;
460;1.000000;94.358803;10.000000_10.000000;
461;1.000000;93.228842;10.000000_10.000000;
462;1.000000;94.987995;10.000000_10.000000;
463;1.000000;95.871977;10.000000_10.000000;
464;1.000000;93.924531;10.000000_10.000000;
465;1.000000;92.098993;10.000000_10.000000;
466;1.000000;91.461672;10.000000_10.000000;
467;1.000000;91.812384;10.000000_10.000000;
468;1.000000;92.240282;10.000000_10.000000;
469;1.000000;93.008444;10.000000_10.000000;
470;1.000000;92.026171;10.000000_10.000000;
471;1.000000;93.295061;10.000000_10.000000;
472;1.000000;92.307904;10.000000_10.000000;
473;1.000000;91.521635;10.000000_10.000000;
474;1.000000;90.101910;10.000000_10.000000;
475;1.000000;92.284012;10.000000_10.000000;
476;1.000000;89.993424;10.000000_10.000000;
477;1.000000;91.466577;10.000000_10.000000;
478;1.000000;90.695875;10.000000_10.000000;
479;1.000000;89.281931;10.000000_10.000000;
480;1.000000;88.998447;10.000000_10.000000;
481;1.000000;91.039346;10.000000_10.000000;
482;1.000000;92.946304;10.000000_10.000000;
483;1.000000;94.177245;10.000000_10.000000;
484;1.000000;95.114663;10.000000_10.000000;
485;1.000000;93.312921;10.000000_10.000000;
486;1.000000;94.179732;10.000000_10.000000;
487;1.000000;93.632698;10.000000_10.000000;
488;1.000000;94.916747;10.000000_10.000000;
489;1.000000;97.019396;10.000000_10.000000;
490;1.000000;99.038723;10.000000_10.000000;
491;1.000000;100.830914;10.000000_10.000000;
492;1.000000;99.336339;10.000000_10.000000;
493;1.000000;100.794878;10.000000_10.000000;
494;1.000000;101.036998;10.000000_10.000000;
495;1.000000;100.012930;10.000000_10.000000;
496;1.000000;102.037854;10.000000_10.000000;
497;1.000000;104.127808;10.000000_10.000000;
498;1.000000;106.074889;10.000000_10.000000;
499;1.000000;106.065045;10.000000_10.000000;
500;1.000000;106.469150;10.000000_10.000000;
501;1.000000;104.673850;10.000000_10.000000;
502;1.000000;103.490570;10.000000_10.000000;
503;1.000000;105.377095;10.000000_10.000000;
504;1.000000;105.337045;10.000000_10.000000;
505;1.000000;105.145659;10.000000_10.000000;
506;1.000000;106.980147;10.000000_10.000000;
507;1.000000;106.958630;10.000000_10.000000;
508;1.000000;105.841197;10.000000_10.000000;
509;1.000000;104.149967;10.000000_10.000000;
510;1.000000;105.109076;10.000000_10.000000;
511;1.000000;106.304956;10.000000_10.000000;
512;1.000000;104.386461;10.000000_10.000000;
513;1.000000;104.924619;10.000000_10.000000;
514;1.000000;104.884862;10.000000_10.000000;
515;1.000000;106.658117;10.000000_10.000000;
516;1.000000;107.854031;10.000000_10.000000;
517;1.000000;106.118701;10.000000_10.000000;
518;1.000000;104.643468;10.000000_10.000000;
519;1.000000;104.635753;10.000000_10.000000;
520;1.000000;102.654259;10.000000_10.000000;
521;1.000000;100.797441;10.000000_10.000000;
522;1.000000;100.094090;10.000000_10.000000;
523;1.000000;99.217300;10.000000_10.000000;
524;1.000000;101.359875;10.000000_10.000000;
525;1.000000;103.430072;10.000000_10.000000;
526;1.000000;104.061489;10.000000_10.000000;
527;1.000000;105.814029;10.000000_10.000000;
528;1.000000;107.497148;10.000000_10.000000;
529;1.000000;107.476048;10.000000_10.000000;
530;1.000000;106.589219;10.000000_10.000000;
531;1.000000;106.026039;10.000000_10.000000;
532;1.000000;106.868051;10.000000_10.000000;
533;1.000000;107.449856;10.000000_10.000000;
534;1.000000;106.154581;10.000000_10.000000;
535;1.000000;104.303404;10.000000_10.000000;
536;1.000000;102.074154;10.000000_10.000000;
537;1.000000;100.072726;10.000000_10.000000;
538;1.000000;100.809298;10.000000_10.000000;
539;1.000000;100.121770;10.000000_10.000000;
540;1.000000;99.061829;10.000000_10.000000;
541;1.000000;98.226667;10.000000_10.000000;
542;1.000000;96.218662;10.000000_10.000000;
543;1.000000;95.869040;10.000000_10.000000;
544;1.000000;97.951770;10.000000_10.000000;
545;1.000000;98.361062;10.000000_10.000000;
546;1.000000;97.207589;10.000000_10.000000;
547;1.000000;97.979158;10.000000_10.000000;
548;1.000000;99.261596;10.000000_10.000000;
549;1.000000;99.199195;10.000000_10.000000;
550;1.000000;97.499278;10.000000_10.000000;
551;1.000000;99.366568;10.000000_10.000000;
552;1.000000;99.990914;10.000000_10.000000;
553;1.000000;100.079480;10.000000_10.000000;
554;1.000000;98.617537;10.000000_10.000000;
555;1.000000;98.901361;10.000000_10.000000;
556;1.000000;98.536412;10.000000_10.000000;
557;1.000000;100.161962;10.000000_10.000000;
558;1.000000;99.633049;10.000000_10.000000;
559;1.000000;98.359375;10.000000_10.000000;
560;1.000000;97.503715;10.000000_10.000000;
561;1.000000;98.621888;10.000000_10.000000;
562;1.000000;99.305604;10.000000_10.000000;
563;1.000000;101.712994;10.000000_10.000000;
564;1.000000;100.890354;10.000000_10.000000;
565;1.000000;102.895854;10.000000_10.000000;
566;1.000000;101.023533;10.000000_10.000000;
567;1.000000;100.572907;10.000000_10.000000;
568;1.000000;98.085782;10.000000_10.000000;
569;1.000000;99.475079;10.000000_10.000000;
570;1.000000;100.839808;10.000000_10.000000;
571;1.000000;99.799535;10.000000_10.000000;
572;1.000000;97.876737;10.000000_10.000000;
573;1.000000;99.665604;10.000000_10.000000;
574;1.000000;100.766938;10.000000_10.000000;
575;1.000000;98.495462;10.000000_10.000000;
576;1.000000;98.244816;10.000000_10.000000;
577;1.000000;100.634460;10.000000_10.000000;
578;1.000000;101.680601;10.000000_10.000000;
579;1.000000;100.210721;10.000000_10.000000;
580;1.000000;100.079916;10.000000_10.000000;
581;1.000000;101.907281;10.000000_10.000000;
582;1.000000;99.838153;10.000000_10.000000;
583;1.000000;97.839190;10.000000_10.000000;
584;1.000000;97.266322;10.000000_10.000000;
585;1.000000;96.302233;10.000000_10.000000;
586;1.000000;97.058783;10.000000_10.000000;
587;1.000000;98.558804;10.000000_10.000000;
588;1.000000;96.743854;10.000000_10.000000;
589;1.000000;94.574413;10.000000_10.000000;
590;1.000000;92.462672;10.000000_10.000000;
591;1.000000;92.267186;10.000000_10.000000;
592;1.000000;93.562932;10.000000_10.000000;
593;1.000000;94.461494;10.000000_10.000000;
594;1.000000;94.190202;10.000000_10.000000;
595;1.000000;92.396402;10.000000_10.000000;
596;1.000000;92.810508;10.000000_10.000000;
597;1.000000;93.175415;10.000000_10.000000;
598;1.000000;93.314708;10.000000_10.000000;
599;1.000000;93.758164;10.000000_10.000000;
600;1.000000;93.110843;10.000000_10.000000;
601;1.000000;92.199686;10.000000_10.000000;
602;1.000000;93.991694;10.000000_10.000000;
603;1.000000;93.881652;10.000000_10.000000;
604;1.000000;92.331761;10.000000_10.000000;
605;1.000000;92.838335;10.000000_10.000000;
606;1.000000;92.957851;10.000000_10.000000;
607;1.000000;93.510604;10.000000_10.000000;
608;1.000000;93.960372;10.000000_10.000000;
609;1.000000;92.709084;10.000000_10.000000;
610;1.000000;94.237895;10.000000_10.000000;
611;1.000000;92.212205;10.000000_10.000000;
612;1.000000;90.362601;10.000000_10.000000;
613;1.000000;92.277058;10.000000_10.000000;
614;1.000000;90.752870;10.000000_10.000000;
615;1.000000;90.669982;10.000000_10.000000;
616;1.000000;89.425496;10.000000_10.000000;
617;1.000000;90.886571;10.000000_10.000000;
618;1.000000;89.936028;10.000000_10.000000;
619;1.000000;89.293854;10.000000_10.000000;
620;1.000000;90.982747;10.000000_10.000000;
621;1.000000;90.274224;10.000000_10.000000;
622;1.000000;91.695630;10.000000_10.000000;
623;1.000000;92.425280;10.000000_10.000000;
624;1.000000;90.282527;10.000000_10.000000;
625;1.000000;89.187711;10.000000_10.000000;
626;1.000000;90.428567;10.000000_10.000000;
627;1.000000;90.998105;10.000000_10.000000;
628;1.000000;92.527345;10.000000_10.000000;
629;1.000000;91.639807;10.000000_10.000000;
630;1.000000;90.361475;10.000000_10.000000;
631;1.000000;88.997109;10.000000_10.000000;
632;1.000000;89.497460;10.000000_10.000000;
633;1.000000;87.751063;10.000000_10.000000;
634;1.000000;88.517153;10.000000_10.000000;
635;1.000000;89.766406;10.000000_10.000000;
636;1.000000;90.751421;10.000000_10.000000;
637;1.000000;89.391748;10.000000_10.000000;
638;1.000000;88.950098;10.000000_10.000000;
639;1.000000;88.130236;10.000000_10.000000;
640;1.000000;87.839444;10.000000_10.000000;
641;1.000000;86.657986;10.000000_10.000000;
642;1.000000;86.162944;10.000000_10.000000;
643;1.000000;86.304450;10.000000_10.000000;
644;1.000000;84.814506;10.000000_10.000000;
645;1.000000;85.049432;10.000000_10.000000;
646;1.000000;82.985195;10.000000_10.000000;
647;1.000000;82.488174;10.000000_10.000000;
648;1.000000;82.002184;10.000000_10.000000;
649;1.000000;81.204335;10.000000_10.000000;
650;1.000000;82.168262;10.000000_10.000000;
651;1.000000;81.184070;10.000000_10.000000;
652;1.000000;81.791567;10.000000_10.000000;
653;1.000000;82.005519;10.000000_10.000000;
654;1.000000;83.725957;10.000000_10.000000;
655;1.000000;84.504551;10.000000_10.000000;
656;1.000000;85.813465;10.000000_10.000000;
657;1.000000;86.662367;10.000000_10.000000;
658;1.000000;85.847526;10.000000_10.000000;
659;1.000000;86.473737;10.000000_10.000000;
660;1.000000;84.337856;10.000000_10.000000;
661;1.000000;84.476844;10.000000_10.000000;
662;1.000000;85.929464;10.000000_10.000000;
663;1.000000;86.438368;10.000000_10.000000;
664;1.000000;87.055073;10.000000_10.000000;
665;1.000000;87.135664;10.000000_10.000000;
666;1.000000;86.703075;10.000000_10.000000;
667;1.000000;86.105492;10.000000_10.000000;
668;1.000000;87.047776;10.000000_10.000000;
669;1.000000;88.361748;10.000000_10.000000;
670;1.000000;89.147338;10.000000_10.000000;
671;1.000000;87.600078;10.000000_10.000000;
672;1.000000;85.554146;10.000000_10.000000;
673;1.000000;83.687186;10.000000_10.000000;
674;1.000000;84.464313;10.000000_10.000000;
675;1.000000;83.145050;10.000000_10.000000;
676;1.000000;83.639590;10.000000_10.000000;
677;1.000000;84.477245;10.000000_10.000000;
678;1.000000;84.763754;10.000000_10.000000;
679;1.000000;82.649430;10.000000_10.000000;
680;1.000000;80.606787;10.000000_10.000000;
681;1.000000;79.821834;10.000000_10.000000;
682;1.000000;78.870239;10.000000_10.000000;
683;1.000000;79.482935;10.000000_10.000000;
684;1.000000;80.903912;10.000000_10.000000;
685;1.000000;79.614147;10.000000_10.000000;
686;1.000000;78.982625;10.000000_10.000000;
687;1.000000;79.643475;10.000000_10.000000;
688;1.000000;81.152756;10.000000_10.000000;
689;1.000000;81.774812;10.000000_10.000000;
690;1.000000;81.011156;10.000000_10.000000;
691;1.000000;82.570678;10.000000_10.000000;
692;1.000000;81.275412;10.000000_10.000000;
693;1.000000;79.882104;10.000000_10.000000;
694;1.000000;79.895928;10.000000_10.000000;
695;1.000000;81.210045;10.000000_10.000000;
696;1.000000;81.923289;10.000000_10.000000;
697;1.000000;83.578836;10.000000_10.000000;
698;1.000000;82.288009;10.000000_10.000000;
699;1.000000;81.854028;10.000000_10.000000;
700;1.000000;82.697397;10.000000_10.000000;
701;1.000000;84.222850;10.000000_10.000000;
702;1.000000;84.422446;10.000000_10.000000;
703;1.000000;85.431123;10.000000_10.000000;
704;1.000000;87.278505;10.000000_10.000000;
705;1.000000;86.113856;10.000000_10.000000;
706;1.000000;87.950560;10.000000_10.000000;
707;1.000000;88.176782;10.000000_10.000000;
708;1.000000;90.087661;10.000000_10.000000;
709;1.000000;90.062467;10.000000_10.000000;
710;1.000000;90.299189;10.000000_10.000000;
711;1.000000;92.281840;10.000000_10.000000;
712;1.000000;93.664433;10.000000_10.000000;
713;1.000000;95.135614;10.000000_10.000000;
714;1.000000;95.585117;10.000000_10.000000;
715;1.000000;96.336420;10.000000_10.000000;
716;1.000000;98.722191;10.000000_10.000000;
717;1.000000;100.873603;10.000000_10.000000;
718;1.000000;99.988646;10.000000_10.000000;
719;1.000000;101.859981;10.000000_10.000000;
720;1.000000;102.314056;10.000000_10.000000;
721;1.000000;103.018851;10.000000_10.000000;
722;1.000000;104.354612;10.000000_10.000000;
723;1.000000;105.791687;10.000000_10.000000;
724;1.000000;107.351639;10.000000_10.000000;
725;1.000000;106.078366;10.000000_10.000000;
726;1.000000;106.631982;10.000000_10.000000;
727;1.000000;106.475042;10.000000_10.000000;
728;1.000000;104.701991;10.000000_10.000000;
729;1.000000;106.248913;10.000000_10.000000;
730;1.000000;108.188410;10.000000_10.000000;
731;1.000000;110.206239;10.000000_10.000000;
732;1.000000;111.112214;10.000000_10.000000;
733;1.000000;110.626001;10.000000_10.000000;
734;1.000000;111.245400;10.000000_10.000000;
735;1.000000;111.784379;10.000000_10.000000;
736;1.000000;112.598177;10.000000_10.000000;
737;1.000000;112.815247;10.000000_10.000000;
738;1.000000;110.831627;10.000000_10.000000;
739;1.000000;111.269531;10.000000_10.000000;
740;1.000000;108.671184;10.000000_10.000000;
741;1.000000;109.762843;10.000000_10.000000;
742;1.000000;109.862456;10.000000_10.000000;
743;1.000000;111.689519;10.000000_10.000000;
744;1.000000;111.773560;10.000000_10.000000;
745;1.000000;109.608774;10.000000_10.000000;
746;1.000000;109.552928;10.000000_10.000000;
747;1.000000;109.609617;10.000000_10.000000;
748;1.000000;107.135178;10.000000_10.000000;
749;1.000000;108.819082;10.000000_10.000000;
750;1.000000;108.191514;10.000000_10.000000;
751;1.000000;108.936177;10.000000_10.000000;
752;1.000000;108.675396;10.000000_10.000000;
753;1.000000;106.740877;10.000000_10.000000;
754;1.000000;106.276969;10.000000_10.000000;
755;1.000000;104.932738;10.000000_10.000000;
756;1.000000;104.443576;10.000000_10.000000;
757;1.000000;101.923649;10.000000_10.000000;
758;1.000000;103.032561;10.000000_10.000000;
759;1.000000;103.412345;10.000000_10.000000;
760;1.000000;105.030475;10.000000_10.000000;
761;1.000000;105.464682;10.000000_10.000000;
762;1.000000;105.183843;10.000000_10.000000;
763;1.000000;105.064783;10.000000_10.000000;
764;1.000000;107.666002;10.000000_10.000000;
765;1.000000;105.290477;10.000000_10.000000;
766;1.000000;103.049161;10.000000_10.000000;
767;1.000000;103.774453;10.000000_10.000000;
768;1.000000;104.279211;10.000000_10.000000;
769;1.000000;102.832871;10.000000_10.000000;
770;1.000000;101.392120;10.000000_10.000000;
771;1.000000;102.052401;10.000000_10.000000;
772;1.000000;104.213426;10.000000_10.000000;
773;1.000000;105.453245;10.000000_10.000000;
774;1.000000;105.257377;10.000000_10.000000;
775;1.000000;104.934036;10.000000_10.000000;
776;1.000000;106.773459;10.000000_10.000000;
777;1.000000;109.190074;10.000000_10.000000;
778;1.000000;111.640905;10.000000_10.000000;
779;1.000000;113.868622;10.000000_10.000000;
780;1.000000;115.388846;10.000000_10.000000;
781;1.000000;114.428633;10.000000_10.000000;
782;1.000000;114.638852;10.000000_10.000000;
783;1.000000;113.028956;10.000000_10.000000;
784;1.000000;112.902088;10.000000_10.000000;
785;1.000000;115.441371;10.000000_10.000000;
786;1.000000;115.246094;10.000000_10.000000;
787;1.000000;117.460650;10.000000_10.000000;
788;1.000000;120.204983;10.000000_10.000000;
789;1.000000;118.304334;10.000000_10.000000;
790;1.000000;118.056125;10.000000_10.000000;
791;1.000000;119.710233;10.000000_10.000000;
792;1.000000;121.305058;10.000000_10.000000;
793;1.000000;123.760160;10.000000_10.000000;
794;1.000000;122.260097;10.000000_10.000000;
795;1.000000;123.859335;10.000000_10.000000;
796;1.000000;126.729804;10.000000_10.000000;
797;1.000000;125.664297;10.000000_10.000000;
798;1.000000;125.050922;10.000000_10.000000;
799;1.000000;125.430980;10.000000_10.000000;
800;1.000000;125.772454;10.000000_10.000000;
801;1.000000;126.540714;10.000000_10.000000;
802;1.000000;124.585835;10.000000_10.000000;
803;1.000000;124.448547;10.000000_10.000000;
804;1.000000;123.578061;10.000000_10.000000;
805;1.000000;124.528870;10.000000_10.000000;
806;1.000000;127.122325;10.000000_10.000000;
807;1.000000;125.283447;10.000000_10.000000;
808;1.000000;125.950845;10.000000_10.000000;
809;1.000000;128.252178;10.000000_10.000000;
810;1.000000;125.749835;10.000000_10.000000;
811;1.000000;124.954819;10.000000_10.000000;
812;1.000000;123.074266;10.000000_10.000000;
813;1.000000;123.975909;10.000000_10.000000;
814;1.000000;124.550487;10.000000_10.000000;
815;1.000000;125.649981;10.000000_10.000000;
816;1.000000;126.255240;10.000000_10.000000;
817;1.000000;123.470431;10.000000_10.000000;
818;1.000000;123.846225;10.000000_10.000000;
819;1.000000;124.240164;10.000000_10.000000;
820;1.000000;122.641353;10.000000_10.000000;
821;1.000000;119.691281;10.000000_10.000000;
822;1.000000;118.756740;10.000000_10.000000;
823;1.000000;115.841698;10.000000_10.000000;
824;1.000000;118.295760;10.000000_10.000000;
825;1.000000;118.895677;10.000000_10.000000;
826;1.000000;120.504847;10.000000_10.000000;
827;1.000000;122.837802;10.000000_10.000000;
828;1.000000;125.498915;10.000000_10.000000;
829;1.000000;123.447413;10.000000_10.000000;
830;1.000000;123.126336;10.000000_10.000000;
831;1.000000;123.050741;10.000000_10.000000;
832;1.000000;124.867162;10.000000_10.000000;
833;1.000000;125.735046;10.000000_10.000000;
834;1.000000;128.662671;10.000000_10.000000;
835;1.000000;126.445404;10.000000_10.000000;
836;1.000000;125.135993;10.000000_10.000000;
837;1.000000;127.527368;10.000000_10.000000;
838;1.000000;126.673113;10.000000_10.000000;
839;1.000000;129.202973;10.000000_10.000000;
840;1.000000;130.802750;10.000000_10.000000;
841;1.000000;130.644515;10.000000_10.000000;
842;1.000000;129.161616;10.000000_10.000000;
843;1.000000;132.046056;10.000000_10.000000;
844;1.000000;129.552537;10.000000_10.000000;
845;1.000000;131.921269;10.000000_10.000000;
846;1.000000;132.733868;10.000000_10.000000;
847;1.000000;134.185089;10.000000_10.000000;
848;1.000000;137.033433;10.000000_10.000000;
849;1.000000;134.868758;10.000000_10.000000;
850;1.000000;133.400602;10.000000_10.000000;
851;1.000000;131.180585;10.000000_10.000000;
852;1.000000;129.232403;10.000000_10.000000;
853;1.000000;130.047375;10.000000_10.000000;
854;1.000000;127.942160;10.000000_10.000000;
855;1.000000;125.553923;10.000000_10.000000;
856;1.000000;123.843577;10.000000_10.000000;
857;1.000000;126.611014;10.000000_10.000000;
858;1.000000;123.533520;10.000000_10.000000;
859;1.000000;121.438542;10.000000_10.000000;
860;1.000000;119.131145;10.000000_10.000000;
861;1.000000;118.903889;10.000000_10.000000;
862;1.000000;119.787019;10.000000_10.000000;
863;1.000000;122.273921;10.000000_10.000000;
864;1.000000;119.833682;10.000000_10.000000;
865;1.000000;120.518092;10.000000_10.000000;
866;1.000000;117.930309;10.000000_10.000000;
867;1.000000;117.303781;10.000000_10.000000;
868;1.000000;117.282848;10.000000_10.000000;
869;1.000000;116.910973;10.000000_10.000000;
870;1.000000;115.701981;10.000000_10.000000;
871;1.000000;114.221394;10.000000_10.000000;
872;1.000000;116.576585;10.000000_10.000000;
873;1.000000;116.962246;10.000000_10.000000;
874;1.000000;115.153479;10.000000_10.000000;
875;1.000000;112.474528;10.000000_10.000000;
876;1.000000;112.091234;10.000000_10.000000;
877;1.000000;113.850527;10.000000_10.000000;
878;1.000000;115.292914;10.000000_10.000000;
879;1.000000;114.465013;10.000000_10.000000;
880;1.000000;117.315020;10.000000_10.000000;
881;1.000000;114.591355;10.000000_10.000000;
882;1.000000;114.726277;10.000000_10.000000;
883;1.000000;113.010814;10.000000_10.000000;
884;1.000000;113.925024;10.000000_10.000000;
885;1.000000;115.063062;10.000000_10.000000;
886;1.000000;114.071311;10.000000_10.000000;
887;1.000000;116.291957;10.000000_10.000000;
888;1.000000;117.145027;10.000000_10.000000;
889;1.000000;116.216550;10.000000_10.000000;
890;1.000000;113.602653;10.000000_10.000000;
891;1.000000;115.117551;10.000000_10.000000;
892;1.000000;116.863482;10.000000_10.000000;
893;1.000000;118.024597;10.000000_10.000000;
894;1.000000;119.098159;10.000000_10.000000;
895;1.000000;121.505056;10.000000_10.000000;
896;1.000000;120.368617;10.000000_10.000000;
897;1.000000;121.888143;10.000000_10.000000;
898;1.000000;120.656666;10.000000_10.000000;
899;1.000000;122.523047;10.000000_10.000000;
900;1.000000;120.618204;10.000000_10.000000;
901;1.000000;121.167684;10.000000_10.000000;
902;1.000000;118.462248;10.000000_10.000000;
903;1.000000;116.101616;10.000000_10.000000;
904;1.000000;114.112070;10.000000_10.000000;
905;1.000000;112.652284;10.000000_10.000000;
906;1.000000;110.602973;10.000000_10.000000;
907;1.000000;111.095812;10.000000_10.000000;
908;1.000000;108.640885;10.000000_10.000000;
909;1.000000;110.756955;10.000000_10.000000;
910;1.000000;113.224075;10.000000_10.000000;
911;1.000000;110.710626;10.000000_10.000000;
912;1.000000;113.064443;10.000000_10.000000;
913;1.000000;112.889476;10.000000_10.000000;
914;1.000000;111.517694;10.000000_10.000000;
915;1.000000;112.002858;10.000000_10.000000;
916;1.000000;110.148299;10.000000_10.000000;
917;1.000000;110.614145;10.000000_10.000000;
918;1.000000;110.483369;10.000000_10.000000;
919;1.000000;112.226515;10.000000_10.000000;
920;1.000000;114.617319;10.000000_10.000000;
921;1.000000;114.769316;10.000000_10.000000;
922;1.000000;115.241306;10.000000_10.000000;
923;1.000000;116.563110;10.000000_10.000000;
924;1.000000;114.961740;10.000000_10.000000;
925;1.000000;113.606180;10.000000_10.000000;
926;1.000000;114.364983;10.000000_10.000000;
927;1.000000;114.583279;10.000000_10.000000;
928;1.000000;111.814090;10.000000_10.000000;
929;1.000000;114.226580;10.000000_10.000000;
930;1.000000;113.355865;10.000000_10.000000;
931;1.000000;111.687914;10.000000_10.000000;
932;1.000000;111.814282;10.000000_10.000000;
933;1.000000;111.260719;10.000000_10.000000;
934;1.000000;110.187990;10.000000_10.000000;
935;1.000000;111.179151;10.000000_10.000000;
936;1.000000;111.985945;10.000000_10.000000;
937;1.000000;111.668682;10.000000_10.000000;
938;1.000000;110.379034;10.000000_10.000000;
939;1.000000;111.500409;10.000000_10.000000;
940;1.000000;110.568779;10.000000_10.000000;
941;1.000000;108.990542;10.000000_10.000000;
942;1.000000;110.403105;10.000000_10.000000;
943;1.000000;109.067844;10.000000_10.000000;
944;1.000000;110.068945;10.000000_10.000000;
945;1.000000;107.406253;10.000000_10.000000;
946;1.000000;109.259671;10.000000_10.000000;
947;1.000000;111.184888;10.000000_10.000000;
948;1.000000;111.745052;10.000000_10.000000;
949;1.000000;110.747602;10.000000_10.000000;
950;1.000000;111.677661;10.000000_10.000000;
951;1.000000;111.827478;10.000000_10.000000;
952;1.000000;113.773276;10.000000_10.000000;
953;1.000000;112.352307;10.000000_10.000000;
954;1.000000;110.982889;10.000000_10.000000;
955;1.000000;108.614712;10.000000_10.000000;
956;1.000000;108.692817;10.000000_10.000000;
957;1.000000;110.811310;10.000000_10.000000;
958;1.000000;111.428589;10.000000_10.000000;
959;1.000000;111.601486;10.000000_10.000000;
960;1.000000;113.394536;10.000000_10.000000;
961;1.000000;115.996696;10.000000_10.000000;
962;1.000000;117.369789;10.000000_10.000000;
963;1.000000;116.454067;10.000000_10.000000;
964;1.000000;115.638552;10.000000_10.000000;
965;1.000000;113.001503;10.000000_10.000000;
966;1.000000;110.311295;10.000000_10.000000;
967;1.000000;107.581510;10.000000_10.000000;
968;1.000000;107.512949;10.000000_10.000000;
969;1.000000;106.399575;10.000000_10.000000;
970;1.000000;107.507527;10.000000_10.000000;
971;1.000000;109.228433;10.000000_10.000000;
972;1.000000;109.268900;10.000000_10.000000;
973;1.000000;109.091179;10.000000_10.000000;
974;1.000000;106.790762;10.000000_10.000000;
975;1.000000;105.140757;10.000000_10.000000;
976;1.000000;105.054795;10.000000_10.000000;
977;1.000000;107.278704;10.000000_10.000000;
978;1.000000;104.829503;10.000000_10.000000;
979;1.000000;102.651204;10.000000_10.000000;
980;1.000000;101.341674;10.000000_10.000000;
981;1.000000;102.412626;10.000000_10.000000;
982;1.000000;102.982252;10.000000_10.000000;
983;1.000000;100.885834;10.000000_10.000000;
984;1.000000;103.214103;10.000000_10.000000;
985;1.000000;105.110502;10.000000_10.000000;
986;1.000000;103.355651;10.000000_10.000000;
987;1.000000;103.231353;10.000000_10.000000;
988;1.000000;104.559330;10.000000_10.000000;
989;1.000000;106.010117;10.000000_10.000000;
990;1.000000;103.396862;10.000000_10.000000;
991;1.000000;103.803277;10.000000_10.000000;
992;1.000000;105.030553;10.000000_10.000000;
993;1.000000;106.310492;10.000000_10.000000;
994;1.000000;108.556684;10.000000_10.000000;
995;1.000000;106.366032;10.000000_10.000000;
996;1.000000;107.895801;10.000000_10.000000;
997;1.000000;110.304226;10.000000_10.000000;
998;1.000000;108.106305;10.000000_10.000000;
999;1.000000;106.889550;10.000000_10.000000;
